brand,n,pct_positive
Apple,19,52.63157894736842
Both,3,66.66666666666666
Samsung,28,50.0
